编号,名称,拉丁名,是否有毒性,是否可食用,描述(产地+生长环境),生长时间,鉴别
1,南瓜灯菌,Omphalotus olearius,有毒,不可食用,欧洲地中海地区、非洲部分地区；生长在橄榄树、橡树、栗树基部，簇生,夏秋季,菌盖橙色，菌褶橙色且夜间会发荧光；与鸡油菌区别：鸡油菌菌褶为棱状而非真正菌褶，且不发荧光
2,喇叭菌,Craterellus cornucopioides,无毒,可食用,全国大部分地区，云南、四川、贵州、吉林较多；温带至亚热带，松树青冈树混交酸性红泥坡地，腐叶厚半阴湿润处,6-10月雨季，大雨后2-4天,菌身呈漏斗/喇叭形，灰黑色至黑褐色，无明显菌盖菌柄分界；又称死亡号角但实际无毒
3,墨汁鬼伞,Coprinopsis atramentaria,有小毒（条件有毒）,幼小时可食用，不可与酒同食,分布广泛，河北、山西、吉林、黑龙江、辽宁、江苏、福建、湖南、四川、云南、甘肃、台湾等地；林地表、有腐木处,夏秋季,菌盖初期圆柱形，开伞后液化成墨汁状；含鬼伞素，与酒同食引起双硫仑样反应，面红、呕吐、心跳紊乱
4,大秃马勃,Calvatia gigantea,无毒（幼小时）,幼小时可食用,全国多地；草原、草地、林缘空地,夏秋季,子实体巨大球形，直径可达50cm以上，内部白色紧实；成熟后变褐色粉末状；幼时内部纯白可食，变黄变绿后不可食
5,大红菌,Russula griseocarnosa,无毒,可食用,南方地区，云南、福建、广西等地；红菇科红菇属，阔叶林地,夏秋季,菌盖深红色至暗红色，菌肉白色，味道柔和；正红菇为著名食用菌，注意与有毒红菇区分
6,奶浆菌,Lactarius volemus (多汁乳菇)等,无毒,可食用,全国多地；红菇科乳菇属，林地,夏秋季,受伤后流出奶白色乳汁，乳汁不变色或缓慢变褐；菌盖橙黄色至土黄色，味道香甜脆嫩
7,小虎皮牛肝菌,Tylopilus eximius 或相关种,部分有微毒,需谨慎，部分可食,云南等地；牛肝菌科，松林或混交林,6-9月,菌盖有虎皮状斑纹；注意区分可食与有毒种类，不熟悉者不建议食用
8,干巴菌,Thelephora ganbajun,无毒,可食用,云南为主；马尾松等松林下，与松树共生,7-9月,形态像层层叠叠的珊瑚状，黑褐色至灰黑色，有特殊香气；香味浓郁，云南名贵食用菌
9,拟卵盖鹅膏,Amanita neoovoidea,有毒,不可食用,南方地区；鹅膏属，林地,夏秋季,白色至污白色，有菌托菌环；鹅膏属多数有毒，不采食
10,拟橙盖鹅膏,Amanita caesareoides,可食用（需准确鉴别）,可食用（需专业鉴别）,东北、西南等地；阔叶林地,夏秋季,与橙盖鹅膏相似，菌盖橙红色，菌褶黄色，有菌托；注意与毒蝇鹅膏区分
11,松乳菇,Lactarius deliciosus,无毒,可食用,北温带、亚热带；松林或混交林，松树林下,夏末秋初,菌盖橙色至胡萝卜黄色，受伤变蓝绿色，乳汁橙色后变绿；味道鲜美，又称松树蘑、松菌
12,松树菌,多种乳菇/牛肝菌统称,多数无毒,多数可食用,松树林下；多种菌的统称,夏秋季,松树下生长的多种食用菌统称，常见有松乳菇、褐环乳牛肝菌等；需准确鉴别种类
13,松茸,Tricholoma matsutake,无毒,可食用,东北、云南、四川等地；松林或混交林，与松树共生,8-10月,菌肉白色致密，有强烈萜烯类清香味，菌褶白色，菌柄粗壮有纤维状鳞片；名贵食用菌，注意与有毒类似种区分
14,橙盖牛肝菌,Boletus aurantius 或相关种,无毒,可食用,云南等地；牛肝菌科，林地,6-9月,菌盖橙色，菌肉白色或淡黄色，受伤可能变色；牛肝菌种类多，需准确鉴别
15,毒盔孢伞,Galerina marginata,剧毒,不可食用,全国多地；腐木上群生或簇生,夏秋季,菌盖小，黄褐色至棕褐色，菌柄细长有菌环；含鹅膏毒肽，急性肝损害型中毒，死亡率高，俗称小毒伞
16,毒蝇鹅膏菌,Amanita muscaria,有毒（神经精神型）,不可食用,全国多地；松林、混交林地,夏秋季,菌盖鲜红色至橘红色，有白色鳞片，边缘有条纹，有菌环菌托；含毒蝇碱等，致幻、恶心呕吐，经典童话蘑菇形象
17,漏斗鸡油菌,Cantharellus infundibuliformis,无毒,可食用,全国多地；林地,夏秋季,漏斗形，菌盖黄褐色至灰褐色，菌褶延生棱状；鸡油菌属食用菌
18,火菇,Flammulina velutipes (冬菇/金针菇野生型),无毒,可食用,全国多地；阔叶树枯干上丛生,秋末至冬春,菌盖橙黄色至黄褐色，菌柄下部黑褐色有绒毛；即野生金针菇，可食用
19,灰褐鸡油菌,Cantharellus cinereus,无毒,可食用,云南等地；林地,夏秋季,菌盖灰褐色至灰黑色，漏斗形，菌褶棱状；云南常见食用菌，列入云南野生食用菌名录
20,珊瑚菌,Clavariaceae 多种,部分有毒,部分可食用，需鉴别,全国多地；林地,夏秋季,子实体棒状或珊瑚状分枝，颜色多样；部分种类可食，部分有微毒，不熟悉者不建议采食
21,白牛肝,Boletus edulis (美味牛肝菌),无毒,可食用,全国多地；林地，与树木共生,6-10月,菌盖褐色至深褐色，菌肉白色不变色，菌柄粗壮有网纹；又称美味牛肝菌，菌中之王，世界著名食用菌
22,白葱菌,Butyriboletus roseoflavus (玫黄黄肉牛肝菌),条件有毒（见手青类）,充分煮熟可食,云南等地；牛肝菌科，林地,6-9月,菌盖淡褐色至粉红色，菌肉黄色受伤变蓝；属于见手青类，生食或未熟透有毒，充分煮熟可食，可能致幻
23,皮条菌,多种小型伞菌统称,部分有毒,需谨慎,云南等地；林地,夏秋季,菌肉有韧性似皮条；为多种小型菌的地方俗称，种类混杂，不建议随意采食
24,竹荪菌,Dictyophora indusiata,无毒,可食用,南方多地；竹林中，腐殖质丰富处,夏秋季,有白色网状菌裙，菌盖钟形，菌柄白色中空；名贵食用菌，通常食用菌柄，菌盖需去除臭头
25,米汤菌,Lactarius 或 Russula 某几种,无毒,可食用,云南等地；林地,夏秋季,菌盖淡色，煮后汤呈米汤样乳白色；地方俗称，多指几种乳菇或红菇，味道温和
26,粉黄牛肝,Boletus 或 Tylopilus 相关种,部分有毒,需鉴别,云南等地；林地,6-9月,菌盖粉黄色；牛肝菌种类复杂，需准确鉴别，不熟悉者不食
27,紫扫把菌,Clavaria zollingeri 或相关种,部分有微毒,不建议随意食用,全国多地；林地,夏秋季,紫色至紫褐色，珊瑚状分枝；颜色艳丽，部分种类有微毒
28,紫滑丝膜菌,Cortinarius 紫色种,部分有毒,不建议食用,云南等地；丝膜菌科，林地,夏秋季,紫色，有丝膜状菌环；丝膜菌属很多种类有毒，难以鉴别
29,紫盖牛肝菌,Boletus violaceofuscus 或相关种,无毒,可食用,云南等地；林地,6-9月,菌盖紫色至紫褐色；牛肝菌的一种，可食用
30,紫色裸伞,Gymnopilus dilepis (热带紫褐裸伞),有毒,不可食用,南方多地；腐木上,夏秋季,菌盖紫色至紫褐色，受伤变色；有毒，引起胃肠炎型中毒，注意不要误认为紫色可食菌
31,红菇,Russula 多种,部分有毒部分可食,需准确鉴别,全国多地；林地,夏秋季,菌盖红色系，菌肉白色，菌褶脆；红菇属种类多，正红菇、变绿红菇（青头菌）等可食，亚稀褶红菇（火炭菌）等剧毒
32,纹缘盔孢伞,Galerina sulciceps,剧毒,不可食用,南方地区；腐木,夏秋季,菌盖小，有条纹；盔孢伞属剧毒种，含鹅膏毒肽，肝损害型中毒
33,绣球菌,Sparassis crispa,无毒,可食用,东北、云南等地；针叶树根际,夏秋季,子实体大，白色至淡黄色，形似绣球花花瓣；名贵食用菌，口感脆嫩
34,羊肚菌,Morchella esculenta 等,无毒（必须煮熟）,可食用（必须煮熟）,全国多地；林地、火烧迹地,春季3-5月,菌盖圆锥形至卵形，有蜂窝状凹陷，像羊肚；名贵食用菌，生食有毒，必须充分煮熟；注意与有毒鹿花菌区分
35,羊肝菌,牛肝菌或羊肚菌地方俗称,视具体种而定,视具体种而定,多地；林地,视种类而定,地方俗称，可能指牛肝菌（菌盖像羊肝）或羊肚菌；需根据具体种类判断
36,花脸菇,Lepista sordida (花脸香蘑),无毒,可食用,全国多地；草地、林缘、村边,夏秋季,菌盖淡紫色至紫褐色，水浸状，有花脸状斑纹；香蘑属食用菌，味道鲜美
37,草鸡枞鹅膏,Amanita manginiana 或相关种,剧毒（假草鸡枞）,不可食用,云南等地；林地,夏秋季,与鸡枞相似但有菌环菌托；鹅膏属剧毒种，又称假草鸡枞，含鹅膏毒肽，肝损害型中毒，死亡率高；注意与真鸡枞区分：鸡枞无菌托菌环，生于白蚁窝
38,褐绒盖牛肝菌,Boletus badius 或 Xerocomus badius,无毒,可食用,全国多地；林地,6-10月,菌盖褐色至深褐色，表面有绒质感，菌肉受伤变蓝；可食用
39,见手青,兰茂牛肝菌 Lanmaoa asiatica 等多种,条件有毒（生食有毒）,充分煮熟可食,云南等地；牛肝菌科，林地,6-9月,菌肉受伤后迅速变青蓝色；包括红葱、白葱等多种牛肝菌；生食或未熟透会引起中毒，出现幻觉（见小人）、呕吐腹泻；必须充分高温煮熟煮透，且不宜过量
40,谷熟菌,Lactarius 或 Russula 某几种,无毒,可食用,云南等地；林地，稻谷成熟时出,秋季9-10月,稻谷成熟时节生长的菌，橙黄色至红色；地方俗称，多指几种乳菇或红菇，可食用
41,谷熟菌,Lactarius 或 Russula 某几种,无毒,可食用,（重复条目）,秋季9-10月,（重复条目）
42,豹斑蘑菇,Amanita pantherina (豹斑毒鹅膏),剧毒,不可食用,全国多地；阔叶林、针叶林,夏秋季,菌盖棕褐色至褐色，布满白色斑块鳞片像豹纹，有菌环菌托；含异噁唑衍生物，神经精神型中毒，致幻、精神错乱、呕吐；又称满天星
43,赭红拟口,Tricholomopsis rutilans (赭红拟口蘑),有微毒/不可食,不建议食用,全国多地；针叶树腐木,夏秋季,菌盖紫红色至赭红色，有鳞片；味道苦，有微毒，不建议食用
44,铜绿菌,Lactarius deliciosus 等乳菇（变绿乳菇类）,无毒,可食用,云南等地；松林,夏秋季,受伤或老后变铜绿色，包括松乳菇等；可食用，味道鲜美
45,青头菌,Russula virescens (变绿红菇),无毒,可食用,全国多地，云南为主；林地,6-9月,菌盖灰绿色至青绿色，表面有龟裂纹；云南最常见安全食用菌之一，口感细嫩，入门首选
46,马勃菌,Lycoperdaceae 多种,无毒（幼时）,幼小时可食用,全国多地；草地、林地,夏秋季,球形至梨形，幼时内部白色；成熟后变褐色孢子粉；幼时白色可食，变黄变褐后不可食；注意与硬皮马勃区分
47,鳞柄白鹅膏,Amanita virosa (破坏天使),剧毒,不可食用,全国多地；林地,夏秋季,全体白色，菌柄有鳞片，有菌环菌托；又称破坏天使、白毒伞，含鹅膏毒肽，急性肝损害型中毒，死亡率极高，1-2朵即可致死
48,鸡屁股菌,地方俗称，可能指多种伞菌,视具体种,不建议随意采食,云南等地；林地,夏秋季,地方俗称，因形似鸡屁股得名；种类不明确，不建议采食
49,鸡枞花,Termitomyces microcarpus 等小型鸡枞,无毒,可食用,云南等地；白蚁窝上群生,6-9月,鸡枞的一种，个体小，成群生长；可食用，味道鲜美
50,鸡枞菌,Termitomyces albuminosus 等,无毒,可食用,南方多地，云南为主；白蚁窝上生长,6-9月,菌盖尖锥形像小斗笠，菌柄细长，根部连白蚁窝土，有鸡肉香味；菌中之王，味道极鲜；注意与剧毒鹅膏区分：鸡枞无菌环无菌托，鹅膏有菌环菌托
51,鸡油菌,Cantharellus cibarius,无毒,可食用,全国多地；与云杉、栎树等共生林地,夏秋季,菌盖杏黄色至蛋黄色，漏斗形，菌褶为棱状延生，有杏果香；世界著名食用菌，味道鲜美
52,麻母鸡菌,Amanita fuliginea (灰花纹鹅膏),剧毒,不可食用,南方多地，湖南、云南等地；阔叶林,夏秋季,菌盖深灰色至黑灰色有纤维状花纹，像麻母鸡羽毛；又称灰花纹鹅膏，含鹅膏毒肽，急性肝损害型中毒，死亡率高，是湖南等地主要毒菌
53,黄牛肝菌,Boletus auripes 或相关种,无毒,可食用,云南等地；林地,6-9月,菌盖黄色至黄褐色，菌肉黄色；又称黄赖头，常见食用菌
54,黄皮鸡枞菌,Termitomyces 黄色种,无毒,可食用,云南等地；白蚁窝,6-9月,鸡枞的一种，菌盖偏黄色；体型较大，口感偏清淡，适合煮汤
55,黄盖鹅膏,Amanita subjunquillea (黄盖毒鹅膏),剧毒,不可食用,全国多地；林地,夏秋季,菌盖黄色至黄绿色，有菌环菌托；又称黄罗伞，含鹅膏毒肽，肝损害型中毒；注意与可食的黄蜡鹅膏区分
56,黄虎掌菌,Albatrellus ellisii (黄鳞地花菌),无毒,可食用（幼嫩时）,云南等地；林地,夏秋季,菌盖黄色有鳞片，形似虎掌；幼嫩时可食，老后木栓化
57,黄赖头菌,Boletus 黄色种（黄牛肝菌）,无毒,可食用,云南等地；林地,6-9月,整体黄色，菌盖表面有粗糙赖状凸起；即黄牛肝菌，可食用
58,黄靛牛肝菌,Boletus 蓝色变黄种,条件有毒,需充分煮熟,云南等地；林地,6-9月,受伤后变蓝；见手青类牛肝菌，需充分煮熟
59,黑牛肝菌,Phlebopus portentosus (暗褐网柄牛肝菌)等,无毒,可食用,云南等地；林地，可人工种植,6-10月,菌盖黑褐色至黑色；目前唯一可人工种植的牛肝菌，可食用
60,黑皮鸡枞菌,Oudemansiella raphanipes (长根小奥德蘑),无毒,可食用（可人工种植）,全国多地；可人工栽培,全年（人工）/夏秋季（野生）,菌盖黑褐色至黑色，菌柄细长有假根；商品名黑皮鸡枞，实际不是真鸡枞，可人工种植，可食用
61,黑色喇叭,Craterellus cornucopioides (灰喇叭菌),无毒,可食用,全国多地；阔叶林地腐殖土,夏秋季,即喇叭菌/黑喇叭，漏斗形黑褐色；可食用，味道鲜美
62,黑虎掌菌,Sarcodon imbricatus (翘鳞肉齿菌),无毒,可食用（幼嫩时）,云南等地；针叶林,夏秋季,菌盖黑褐色有大型翘鳞片，形似虎掌；幼嫩时可食用，香气浓郁，老后味苦
