编号,名称,是否有毒性,是否可食用,图片地址,描述(产地+生长环境+如果可食用，增加适宜做法、口感等等)
1,青头菌,,,,
2,白牛肝,,,,
3,干巴菌,,,,
4,谷熟菌,,,,
5,黄皮鸡枞菌,,,,
6,见手青,,,,
7,奶浆菌,,,,
8,珊瑚菌,,,,
9,松茸,,,,
10,橙盖牛肝菌,,,,
11,褐绒盖牛肝菌,,,,
12,黑牛肝菌,,,,
13,黄赖头菌,,,,
14,黄牛肝菌,,,,
15,鸡枞菌,,,,
16,喇叭菌,,,,
17,铜绿菌,,,,
18,,,,,
19,,,,,
20,,,,,
21,,,,,
22,,,,,
23,,,,,
24,,,,,
25,,,,,
26,,,,,
27,,,,,
28,,,,,
29,,,,,
30,,,,,
31,,,,,
32,,,,,
33,,,,,
34,,,,,
35,,,,,
36,,,,,
37,,,,,
38,,,,,
39,,,,,
40,,,,,
41,,,,,
42,,,,,
43,,,,,
44,,,,,
45,,,,,
46,,,,,
47,,,,,
48,,,,,
49,,,,,
50,,,,,
51,,,,,
52,,,,,
53,,,,,
54,,,,,
55,,,,,
56,,,,,
57,,,,,
